{
 "info": {
  "license_key": "byzain.github.io",
  "company": "byzain.github.io",
  "name": "zain",
  "phone": "+86",
  "email": "888@888.888",
  "country": "China",
  "first_activated": "2022-07-13",
  "expires": "2099-12-31",
  "maintenance_expires": "2099-12-31",
  "max_engines": 999999999,
  "max_targets": 999999999,
  "product_code": "AOPENT",
  "bxss_user_id": "074625",
  "bxss_api_key": "76ccec7e-33f2-4c16-bf35-5816ab37939b",
  "is_offline": false,
  "is_worker": false,
  "is_disabled": false
 },
 "major_version": 14,
 "minor_version": 9,
 "build_number": 220713150,
 "expired": false,
 "maintenance_expired": false,
 "scan": true,
 "update": true,
 "access": true,
 "activation_error": 0,
 "activated": true,
 "checksum": "4d67adbe58d591da0a94a68435cf71e0",
 "grace": -1,
 "last_reactivated": "2022-07-13",
 "site_id": "ec971d9d8fd576aeeec2f156381963ff",
 "mac": "FF:FF:FF:FF:FF:FF"
}
